{"cameraMode":{"drawMode":0,"name":"Shaded","section":"Shading Mode"},"sceneLighting":true,"audioPlay":false,"sceneViewState":{"showFog":true,"showMaterialUpdate":true,"showSkybox":true,"showFlares":true,"showImageEffects":true,"showParticleSystems":true},"in2DMode":false,"pivot":{"x":18.186168670654298,"y":5.843648910522461,"z":8.536020278930664},"rotation":{"x":-0.3394717276096344,"y":-0.09798465669155121,"z":0.03551292419433594,"w":-0.9348661303520203},"size":15.532196044921875,"orthographic":false}