{"cameraMode":{"drawMode":0,"name":"Shaded","section":"Shading Mode"},"sceneLighting":true,"audioPlay":false,"sceneViewState":{"showFog":true,"showMaterialUpdate":false,"showSkybox":true,"showFlares":true,"showImageEffects":true,"showParticleSystems":true},"in2DMode":false,"pivot":{"x":474.7017517089844,"y":250.59695434570313,"z":285.78253173828127},"rotation":{"x":-0.019808214157819749,"y":-0.0039022795390337707,"z":0.00007870278932387009,"w":-0.9998013377189636},"size":937.713134765625,"orthographic":false}